Placa;CNPJ;ANTT;Proprietario;Inscricao Estadual;UF Registro;Empresa Proprietario
PZK6625;19660324000184;47424276;GDA TRANSPORTES RODOVIARIOS LTDA EPP;23036130020;MG;Sim
PWZ8271;19660324000184;47424276;GDA TRANSPORTES RODOVIARIOS LTDA EPP;23036130020;MG;Sim
NRZ1657;19660324000184;47424276;GDA TRANSPORTES RODOVIARIOS LTDA EPP;23036130020;MG;Sim
FFW9954;19660324000184;47424276;GDA TRANSPORTES RODOVIARIOS LTDA EPP;23036130020;MG;Sim
FLR5889;19660324000184;47424276;GDA TRANSPORTES RODOVIARIOS LTDA EPP;23036130020;MG;Sim
IVO5113;19660324000184;47424276;GDA TRANSPORTES RODOVIARIOS LTDA EPP;23036130020;MG;Sim
ITB2019;19660324000184;47424276;GDA TRANSPORTES RODOVIARIOS LTDA EPP;23036130020;MG;Sim
HRV0378;19660324000184;47424276;GDA TRANSPORTES RODOVIARIOS LTDA EPP;23036130020;MG;Sim
IOW6816;19660324000184;47424276;GDA TRANSPORTES RODOVIARIOS LTDA EPP;23036130020;MG;Sim
IOW6803;19660324000184;47424276;GDA TRANSPORTES RODOVIARIOS LTDA EPP;23036130020;MG;Sim
API8949;19660324000184;47424276;GDA TRANSPORTES RODOVIARIOS LTDA EPP;23036130020;MG;Sim
API8951;19660324000184;47424276;GDA TRANSPORTES RODOVIARIOS LTDA EPP;23036130020;MG;Sim
MKZ6992;19660324000184;47424276;GDA TRANSPORTES RODOVIARIOS LTDA EPP;23036130020;MG;Sim
QUT6161;19660324000184;47424276;GDA TRANSPORTES RODOVIARIOS LTDA EPP;23036130020;MG;Sim
HRV0377;19660324000184;47424276;GDA TRANSPORTES RODOVIARIOS LTDA EPP;23036130020;MG;Sim
QUY9785;19660324000184;47424276;GDA TRANSPORTES RODOVIARIOS LTDA EPP;23036130020;MG;Sim
MLM6904;19660324000184;47424276;GDA TRANSPORTES RODOVIARIOS LTDA EPP;23036130020;MG;Sim
MML2573;19660324000184;47424276;GDA TRANSPORTES RODOVIARIOS LTDA EPP;23036130020;MG;Sim
PUJ1216;19660324000184;47424276;GDA TRANSPORTES RODOVIARIOS LTDA EPP;23036130020;MG;Sim
RFB7G29;19660324000184;47424276;GDA TRANSPORTES RODOVIARIOS LTDA EPP;23036130020;MG;Sim
BAC8J40;19660324000184;47424276;GDA TRANSPORTES RODOVIARIOS LTDA EPP;23036130020;MG;Sim
RMF3E85;19660324000184;47424276;GDA TRANSPORTES RODOVIARIOS LTDA EPP;23036130020;MG;Sim
RMF3E90;19660324000184;47424276;GDA TRANSPORTES RODOVIARIOS LTDA EPP;23036130020;MG;Sim
QIC5497;18939057000116;49284900;MARCOS ROGERIO DE SOUSA TRANSPORTES ME;22292180014;MG;NÆo
RMW0J37;19660324000184;47424276;GDA TRANSPORTES RODOVIARIOS LTDA;23036130020;MG;Sim
RNM5J11;19660324000184;47424276;GDA TRANSPORTES RODOVIARIOS LTDA EPP;23036130020;MG;Sim
RNM5J06;19660324000184;47424276;GDA TRANSPORTES RODOVIARIOS LTDA EPP;23036130020;MG;Sim
RFG7H25;19660324000184;47424276;GDA TRANSPORTES RODOVIARIOS LTDA EPP;23036130020;MG;Sim
RFG7H55;19660324000184;47424276;GDA TRANSPORTES RODOVIARIOS LTDA EPP;23036130020;MG;Sim
RFG7G05;19660324000184;47424276;GDA TRANSPORTES RODOVIARIOS LTDA EPP;23036130020;MG;Sim
RFG7G04;19660324000184;47424276;GDA TRANSPORTES RODOVIARIOS LTDA EPP;23036130020;MG;Sim
IRA3E82;19660324000184;47424276;GDA TRANSPORTES RODOVIARIOS LTDA EPP;23036130020;MG;Sim
RFB7G29;19660324000184;47424276;GDA TRANSPORTES RODOVIARIOS LTDA EPP;23036130020;MG;Sim
IRA3E81;19660324000184;47424276;GDA TRANSPORTES RODOVIARIOS LTDA EPP;23036130020;MG;Sim
RNX5E09;19660324000184;47424276;GDA TRANSPORTES RODOVIARIOS LTDA EPP;23036130020;MG;Sim
RTH4B72;19660324000184;47424276;GDA TRANSPORTES RODOVIARIOS LTDA EPP;23036130020;MG;Sim
RTH4B72;19660324000184;47424276;GDA TRANSPORTES RODOVIARIOS LTDA EPP;23036130020;MG;Sim
RTT2E12;19660324000184;47424276;GDA TRANSPORTES RODOVIARIOS LTDA;23036130020;MG;Sim
RUB3F89;19660324000184;47424276;GDA TRANSPORTES RODOVIARIOS LTDA EPP;23036130020;MG;Sim
RUE1I38;19660324000184;47424276;GDA TRANSPORTES RODOVIARIOS LTDA;23036130020;MG;Sim
RUG4I48;19660324000184;47424276;GDA TRANSPORTES RODOVIARIOS LTDA;23036130020;MG;Sim
RUI4J00;19660324000184;47424276;GDA TRANSPORTES RODOVIARIOS LTDA;23036130020;MG;Sim
RUW9H50;19660324000184;47424276;GDA TRANSPORTES RODOVIARIOS LTDA;23036130020;MG;Sim
RVN2G00;19660324000184;47424276;GDA TRANSPORTES RODOVIARIOS LTDA;23036130020;MG;Sim
QXD8E44;19660324000184;47424276;GDA TRANSPORTES RODOVIARIOS LTDA;23036130020;MG;Sim
OQF0E73;19660324000184;47424276;GDA TRANSPORTES RODOVIARIOS LTDA;23036130020;MG;Sim
SHL5H46;19660324000184;47424276;GDA TRANSPORTES RODOVIARIOS LTDA EPP;23036130020;MG;Sim
SHW9A32;19660324000184;47424276;GDA TRANSPORTES RODOVIARIOS LTDA EPP;23036130020;MG;Sim
SHY5E13;19660324000184;47424276;GDA TRANSPORTES RODOVIARIOS LTDA EPP;23036130020;MG;Sim
SYB9E95;19660324000184;47424276;GDA TRANSPORTES RODOVIARIOS LTDA EPP;23036130020;MG;Sim
QWV2I54;19660324000184;47424276;GDA TRANSPORTES RODOVIARIOS LTDA;23036130020;MG;Sim
OPP8E04;19660324000184;47424276;GDA TRANSPORTES RODOVIARIOS LTDA EPP;23036130020;MG;Sim
QMY5G85;19660324000184;47424276;GDA TRANSPORTES RODOVIARIOS LTDA EPP;23036130020;MG;Sim
RVK8C23;19660324000184;47424276;GDA TRANSPORTES RODOVIARIOS LTDA;23036130020;MG;Sim
TCH9D01;19660324000184;47424276;GDA TRANSPORTES RODOVIARIOS LTDA EPP;23036130020;MG;Sim
TCX3I19;19660324000184;47424276;GDA TRANSPORTES RODOVIARIOS LTDA EPP;23036130020;MG;Sim
HDE8J57;19660324000184;47424276;GDA TRANSPORTES RODOVIARIOS LTDA EPP;23036130020;MG;Sim
TDD9D41;19660324000184;47424276;GDA TRANSPORTES RODOVIARIOS LTDA EPP;23036130020;MG;Sim
TDG1F07;19660324000184;47424276;GDA TRANSPORTES RODOVIARIOS LTDA EPP;23036130020;MG;Sim
TDI4I56;19660324000184;47424276;GDA TRANSPORTES RODOVIARIOS LTDA EPP;23036130020;MG;Sim
SHL5J67;19660324000184;47424276;GDA TRANSPORTES RODOVIARIOS LTDA EPP;23036130020;MG;Sim
RVY6H13;19660324000184;47424276;GDA TRANSPORTES RODOVIARIOS LTDA EPP;23036130020;MG;Sim
TDT5G33;19660324000184;47424276;GDA TRANSPORTES RODOVIARIOS LTDA EPP;23036130020;MG;Sim
TEQ7D45;19660324000184;47424276;GDA TRANSPORTES RODOVIARIOS LTDA EPP;23036130020;MG;Sim
TES9A83;19660324000184;47424276;GDA TRANSPORTES RODOVIARIOS LTDA EPP;23036130020;MG;Sim
TER4B25;19660324000184;47424276;GDA TRANSPORTES RODOVIARIOS LTDA EPP;23036130020;MG;Sim
TEW0H66;19660324000184;47424276;GDA TRANSPORTES RODOVIARIOS LTDA EPP;23036130020;MG;Sim
TEW0H64;19660324000184;47424276;GDA TRANSPORTES RODOVIARIOS LTDA EPP;23036130020;MG;Sim
TXC2I20;19660324000184;47424276;GDA TRANSPORTES RODOVIARIOS LTDA EPP;23036130020;MG;Sim
TEX5B78;19660324000184;47424276;GDA TRANSPORTES RODOVIARIOS LTDA EPP;23036130020;MG;Sim
